country,time,pspp,bond_yields_10yr,yield_spreads,lt_govt_debt_sec_issued,st_govt_debt_sec_issued,hicp,ciss_country,industrial_output,M2,vix,debt_to_gdp,primary_deficit,real_gdp,ECB_10yr_benchmark,ecb_yield_spreads
Austria,2019-11,649,-0.09,26,241068,1885,1.20,0.0634,110.70,6.100,13.780,71.300,1.547,98832.9,0.3016,-39.16
Austria,2019-12,702,-0.04,26,240598,1615,1.80,0.0480,112.80,5.700,18.840,71.300,1.547,98832.9,0.3662,-40.62
Austria,2020-01,762,-0.09,22,242216,2415,2.20,0.0411,117.60,5.500,40.110,70.600,1.987,103582.7,0.3162,-40.62
Austria,2020-02,589,-0.26,21,245768,596,2.20,0.0426,113.50,5.800,53.540,70.600,1.987,103582.7,0.1333,-39.33
Austria,2020-03,1023,-0.09,45,248046,5206,1.60,0.1234,104.60,7.300,34.150,70.600,1.987,103582.7,0.3682,-45.82
Austria,2020-04,1286,0.05,50,257809,2071,1.50,0.1141,86.30,8.200,27.510,73.100,1.891,95127.2,0.5538,-50.38
Austria,2020-05,1421,-0.10,42,260211,4369,0.60,0.0709,94.10,9.300,30.430,73.100,1.891,95127.2,0.4784,-57.84
Austria,2020-06,944,-0.13,30,263374,7914,1.10,0.0751,100.90,9.200,24.460,73.100,1.891,95127.2,0.3505,-48.05
Austria,2020-07,-675,-0.25,27,252414,7512,1.80,0.0320,107.00,10.100,26.410,81.900,-1.361,88533.8,0.2207,-47.07
Austria,2020-08,379,-0.28,24,253764,4816,1.40,0.0345,108.60,9.400,26.370,81.900,-1.361,88533.8,0.1605,-44.05
Austria,2020-09,777,-0.32,20,254995,4893,1.20,0.0304,110.90,10.300,38.020,81.900,-1.361,88533.8,0.123,-44.30
Austria,2020-10,643,-0.40,21,257648,9432,1.10,0.0300,113.00,10.600,20.570,78.300,-3.298,96845.2,0.0005,-40.05
Austria,2020-11,854,-0.41,20,259227,7775,1.10,0.0347,111.80,10.700,22.750,78.300,-3.298,96845.2,-0.0553,-35.47
Austria,2020-12,583,-0.42,20,256824.431,8626.2,1.00,0.0589,112.80,11.700,33.090,78.300,-3.298,96845.2,-0.0915,-32.85
Austria,2021-01,614,-0.40,18,259378.9,10562.2,1.10,0.0404,113.70,12.300,27.950,82.900,-6.645,100536.3,-0.0636,-33.64
Austria,2021-02,583,-0.20,25,262877.15,8946.806,1.40,0.0422,113.50,12.100,19.400,82.900,-6.645,100536.3,0.0643,-26.43
Austria,2021-03,628,-0.09,27,266547.942,14351.606,2.00,0.0677,116.70,10.100,18.610,82.900,-6.645,100536.3,0.1479,-23.79
Austria,2021-04,669,-0.04,29,275802.265,11587.25,1.90,0.0804,116.80,9.200,16.760,86.600,-9.785,92140.6,0.2051,-24.51
Austria,2021-05,514,0.08,30,278940.376,12347.1,3.00,0.0472,116.30,8.200,15.830,86.600,-9.785,92140.6,0.377,-29.70
Austria,2021-06,655,0.02,31,281091.076,10827.1,2.80,0.0535,116.00,8.100,18.240,86.600,-9.785,92140.6,0.3039,-28.39
Austria,2021-07,632,-0.13,32,283343.778,9187.1,2.80,0.0356,118.60,7.800,16.480,85.700,-8.385,101311.9,0.164,-29.40
Austria,2021-08,345,-0.23,31,285145.201,9220.79,3.20,0.0385,119.90,7.800,23.140,85.700,-8.385,101311.9,0.0598,-28.98
Austria,2021-09,-2012,-0.08,28,276810.22,16041.58,3.30,0.0382,118.60,7.600,16.260,85.700,-8.385,101311.9,0.1967,-27.67
Austria,2021-10,628,0.08,29,278361.437,15265.38,3.80,0.0560,121.70,7.500,27.190,83.700,-7.066,104260.2,0.3523,-27.23
Austria,2021-11,558,-0.01,30,278076.556,11717.463,4.10,0.0991,124.10,7.200,17.220,83.700,-7.066,104260.2,0.3123,-32.23
Austria,2021-12,435,-0.05,33,279379.513,12212.463,3.80,0.1412,127.10,7.000,24.830,83.700,-7.066,104260.2,0.2791,-32.91
Austria,2022-01,1124,0.18,30,287037.853,14495.291,4.50,0.1581,130.80,6.600,30.150,82.300,-4.672,108436,0.534,-35.40
Austria,2022-02,407,0.54,39,288035.26,16917.831,5.50,0.2778,126.00,6.600,20.560,82.300,-4.672,108436,0.9442,-40.42
Austria,2022-03,732,0.72,44,292533.26,14389.558,6.60,0.4762,126.80,6.600,33.400,82.300,-4.672,108436,1.0542,-33.42
Austria,2022-04,951,1.29,54,289102.25,12122.882,7.10,0.5803,127.30,6.500,26.190,83.400,-2.712,104271.4,1.5682,-27.82
Austria,2022-05,1167,1.54,59,295715.731,13201.135,7.70,0.6494,127.80,6.100,28.710,83.400,-2.712,104271.4,1.8742,-33.42
Austria,2022-06,716,2.07,62,297044.394,16413.135,8.70,0.6627,127.70,6.000,21.330,83.400,-2.712,104271.4,2.4373,-36.73
Austria,2022-07,585,1.70,62,298526.093,11757.14,9.40,0.6747,122.90,5.900,25.870,82.600,-0.903,112707,2.0925,-39.25
Austria,2022-08,50,1.68,65,299478.175,13356.55,9.30,0.7142,130.40,6.300,31.620,82.600,-0.903,112707,2.0582,-37.82
Austria,2022-09,-1290,2.46,66,296000.289,15446.55,11.00,0.7053,127.30,6.200,25.880,82.600,-0.903,112707,2.8138,-35.38
Austria,2022-10,892,2.92,73,302233.641,12198.296,11.60,0.7152,129.10,5.100,20.580,81.300,-1.558,112296.1,3.185,-26.50
Austria,2022-11,-2947,2.70,63,291627.009,14691.296,11.20,0.5964,128.20,4.600,21.670,81.300,-1.558,112296.1,2.9341,-23.41
Austria,2022-12,343,2.74,65,293462.172,14796.296,10.50,0.5586,128.40,3.900,19.400,81.300,-1.558,112296.1,3.0002,-26.02
Austria,2023-01,571,2.81,62,298722.172,15824.486,11.60,0.4935,131.20,3.000,20.700,78.400,-2.246,118378.2,3.0442,-23.42
Austria,2023-02,427,3.04,67,306743.07,10786.249,11.00,0.4484,130.30,2.100,18.700,78.400,-2.246,118378.2,3.223,-18.30
Austria,2023-03,622,3.06,68,306743.07,12908.683,9.20,0.4714,127.50,1.500,15.780,78.400,-2.246,118378.2,3.2328,-17.28
Belgium,2019-11,730,-0.04,31,375171.892,32988.457,0.40,0.0371,114.80,6.100,13.780,101.400,0.149,116267,0.3016,-34.16
Belgium,2019-12,860,0.01,31,375001.435,31247.266,0.90,0.0482,118.30,5.700,18.840,101.400,0.149,116267,0.3662,-35.62
Belgium,2020-01,960,-0.03,28,381511.037,28621.316,1.40,0.0296,113.00,5.500,40.110,97.600,-0.005,127790,0.3162,-34.62
Belgium,2020-02,706,-0.13,34,386757.75,32243.466,1.00,0.0233,114.20,5.800,53.540,97.600,-0.005,127790,0.1333,-26.33
Belgium,2020-03,1964,-0.02,52,390016.671,31419.579,0.40,0.1304,107.60,7.300,34.150,97.600,-0.005,127790,0.3682,-38.82
Belgium,2020-04,1987,0.14,59,403415.047,36131.479,0.00,0.1208,95.00,8.200,27.510,102.500,-1.011,116108,0.5538,-41.38
Belgium,2020-05,1920,0.04,56,407435.237,34349.02,-0.20,0.0759,107.30,9.300,30.430,102.500,-1.011,116108,0.4784,-43.84
Belgium,2020-06,1706,-0.04,39,416210.019,39285.974,0.20,0.0496,103.80,9.200,24.460,102.500,-1.011,116108,0.3505,-39.05
Belgium,2020-07,1081,-0.17,35,419380.276,36521.511,1.70,0.0335,109.30,10.100,26.410,112.500,-4.073,105819,0.2207,-39.07
Belgium,2020-08,440,-0.21,31,421770.238,38708.782,-0.90,0.0245,110.10,9.400,26.370,112.500,-4.073,105819,0.1605,-37.05
Belgium,2020-09,-1415,-0.25,27,405211.664,37283.739,0.50,0.0203,110.00,10.300,38.020,112.500,-4.073,105819,0.123,-37.30
Belgium,2020-10,895,-0.34,27,409770.467,36895.376,0.40,0.0135,117.10,10.600,20.570,111.300,-5.228,113737,0.0005,-34.05
Belgium,2020-11,876,-0.38,23,412945.778,32729.788,0.20,0.0344,115.40,10.700,22.750,111.300,-5.228,113737,-0.0553,-32.47
Belgium,2020-12,525,-0.39,23,414375.1,34276.865,0.40,0.0487,113.80,11.700,33.090,111.300,-5.228,113737,-0.0915,-29.85
Belgium,2021-01,653,-0.36,22,420725.235,30071.53,0.60,0.0497,121.10,12.300,27.950,112.000,-7.043,124163,-0.0636,-29.64
Belgium,2021-02,583,-0.21,24,428776.994,32995.605,0.30,0.0593,118.20,12.100,19.400,112.000,-7.043,124163,0.0643,-27.43
Belgium,2021-03,669,-0.04,32,435273.594,31252.73,1.60,0.0556,123.00,10.100,18.610,112.000,-7.043,124163,0.1479,-18.79
Belgium,2021-04,831,0.04,37,435117.194,33990.315,2.10,0.0381,128.60,9.200,16.760,116.300,-6.980,118443,0.2051,-16.51
Belgium,2021-05,551,0.18,40,439612.141,30385.689,2.50,0.0311,128.50,8.200,15.830,116.300,-6.980,118443,0.377,-19.70
Belgium,2021-06,698,0.12,41,444381.909,32899.657,2.60,0.0226,139.60,8.100,18.240,116.300,-6.980,118443,0.3039,-18.39
Belgium,2021-07,788,-0.03,42,449860.419,29687.157,1.40,0.0236,133.10,7.800,16.480,113.600,-5.102,124672,0.164,-19.40
Belgium,2021-08,380,-0.14,40,450351.531,32729.103,4.70,0.0168,130.90,7.800,23.140,113.600,-5.102,124672,0.0598,-19.98
Belgium,2021-09,-2282,0.01,37,437455.563,33099.117,3.80,0.0346,129.30,7.600,16.260,113.600,-5.102,124672,0.1967,-18.67
Belgium,2021-10,683,0.16,37,439919.463,37747.496,5.40,0.0662,131.90,7.500,27.190,111.900,-5.167,122731,0.3523,-19.23
Belgium,2021-11,594,0.07,38,443114.608,35427.073,7.10,0.1340,124.90,7.200,17.220,111.900,-5.167,122731,0.3123,-24.23
Belgium,2021-12,487,0.03,41,443672.523,34180.038,6.60,0.1067,128.10,7.000,24.830,111.900,-5.167,122731,0.2791,-24.91
Belgium,2022-01,1136,0.26,38,448791.523,31606.993,8.50,0.0892,130.10,6.600,30.150,109.100,-3.793,136676,0.534,-27.40
Belgium,2022-02,441,0.59,44,453864.03,35135.293,9.50,0.1678,128.00,6.600,20.560,109.100,-3.793,136676,0.9442,-35.42
Belgium,2022-03,-1844,0.79,51,444307.378,38072.318,9.30,0.3206,128.10,6.600,33.400,109.100,-3.793,136676,1.0542,-26.42
Belgium,2022-04,2150,1.30,55,450460.978,38300.868,9.30,0.3712,126.30,6.500,26.190,109.000,-3.076,131208,1.5682,-26.82
Belgium,2022-05,1222,1.58,63,455931.09,35368.718,9.90,0.3953,127.10,6.100,28.710,109.000,-3.076,131208,1.8742,-29.42
Belgium,2022-06,839,2.13,68,461313.931,38612.619,10.50,0.4313,124.00,6.000,21.330,109.000,-3.076,131208,2.4373,-30.73
Belgium,2022-07,555,1.80,72,465189.296,33336.218,10.40,0.4547,126.00,5.900,25.870,108.500,-2.403,137784,2.0925,-29.25
Belgium,2022-08,73,1.71,68,467719.447,36643.52,10.50,0.4425,121.60,6.300,31.620,108.500,-2.403,137784,2.0582,-34.82
Belgium,2022-09,-2613,2.45,65,457169.722,36049.223,12.10,0.4583,130.70,6.200,25.880,108.500,-2.403,137784,2.8138,-36.38
Belgium,2022-10,785,2.84,65,462089.07,38472.896,13.10,0.5120,128.30,5.100,20.580,106.500,-2.181,133860,3.185,-34.50
Belgium,2022-11,288,2.65,58,463478.701,37608.88,10.50,0.4699,129.50,4.600,21.670,106.500,-2.181,133860,2.9341,-28.41
Belgium,2022-12,287,2.70,61,464234.976,39991.97,10.20,0.4739,126.30,3.900,19.400,106.500,-2.181,133860,3.0002,-30.02
Belgium,2023-01,384,2.79,60,471406.476,35637.183,7.40,0.4001,121.60,3.000,20.700,105.100,-2.365,146604,3.0442,-25.42
Belgium,2023-02,275,2.96,59,478501.727,39039.044,5.40,0.3178,126.90,2.100,18.700,105.100,-2.365,146604,3.223,-26.30
Belgium,2023-03,451,3.04,66,484020.761,35930.516,4.90,0.3042,125.30,1.500,15.780,105.100,-2.365,146604,3.2328,-19.28
Finland,2019-11,220,-0.08,27,7712035.34,5602,0.80,0.0456,112.60,6.100,13.780,65.400,-0.969,59602,0.3016,-38.16
Finland,2019-12,198,-0.04,26,7691266.159,5165,1.10,0.0366,111.60,5.700,18.840,65.400,-0.969,59602,0.3662,-40.62
Finland,2020-01,580,-0.07,24,7732200.278,5877,1.20,0.0230,110.10,5.500,40.110,64.900,-0.084,62696,0.3162,-38.62
Finland,2020-02,199,-0.24,23,7793655.827,5683,1.10,0.0212,109.90,5.800,53.540,64.900,-0.084,62696,0.1333,-37.33
Finland,2020-03,335,-0.12,42,7835094.223,13243,0.90,0.0948,113.70,7.300,34.150,64.900,-0.084,62696,0.3682,-48.82
Finland,2020-04,-1307,0.03,48,7892627.382,15853,-0.30,0.1178,109.50,8.200,27.510,69.600,-0.276,58405,0.5538,-52.38
Finland,2020-05,386,-0.12,40,8027956.566,16001,-0.10,0.0718,106.60,9.300,30.430,69.600,-0.276,58405,0.4784,-59.84
Finland,2020-06,372,-0.18,25,8162593.535,14552,0.10,0.0864,107.10,9.200,24.460,69.600,-0.276,58405,0.3505,-53.05
Finland,2020-07,745,-0.21,31,8487862.045,14648,0.70,0.0570,109.00,10.100,26.410,74.100,-2.325,57745,0.2207,-43.07
Finland,2020-08,220,-0.25,27,8571551.863,15427,0.30,0.0545,110.40,9.400,26.370,74.100,-2.325,57745,0.1605,-41.05
Finland,2020-09,-1245,-0.30,22,8619012.472,16391,0.30,0.0359,107.80,10.300,38.020,74.100,-2.325,57745,0.123,-42.30
Finland,2020-10,653,-0.38,23,8612236.152,16201,0.20,0.0267,110.30,10.600,20.570,72.200,-3.402,59090,0.0005,-38.05
Finland,2020-11,622,-0.40,21,8628974.999,17203,0.20,0.0364,111.20,10.700,22.750,72.200,-3.402,59090,-0.0553,-34.47
Finland,2020-12,449,-0.41,21,8751075.912,14476.4,0.20,0.0378,108.20,11.700,33.090,72.200,-3.402,59090,-0.0915,-31.85
Finland,2021-01,462,-0.38,20,8843096.188,12620.55,1.00,0.0532,110.00,12.300,27.950,74.700,-4.871,62798,-0.0636,-31.64
Finland,2021-02,413,-0.22,23,8962822.77,10976.05,0.90,0.0572,112.90,12.100,19.400,74.700,-4.871,62798,0.0643,-28.43
Finland,2021-03,464,-0.13,23,9033347.126,12900.35,1.40,0.0658,111.40,10.100,18.610,74.700,-4.871,62798,0.1479,-27.79
Finland,2021-04,-918,-0.08,25,9066426.137,14938.85,2.20,0.0509,111.10,9.200,16.760,75.600,-5.794,57701,0.2051,-28.51
Finland,2021-05,571,0.05,27,9152323.119,12865.15,2.30,0.0306,113.80,8.200,15.830,75.600,-5.794,57701,0.377,-32.70
Finland,2021-06,797,-0.02,27,9238030.661,14828.35,1.90,0.0230,111.40,8.100,18.240,75.600,-5.794,57701,0.3039,-32.39
Finland,2021-07,864,-0.10,35,9279509.944,14830.85,1.80,0.0166,113.60,7.800,16.480,74.600,-4.510,62731,0.164,-26.40
Finland,2021-08,500,-0.21,33,9311768.124,12102.2,1.80,0.0226,114.90,7.800,23.140,74.600,-4.510,62731,0.0598,-26.98
Finland,2021-09,897,-0.07,29,9322417.952,13619.6,2.10,0.0284,114.80,7.600,16.260,74.600,-4.510,62731,0.1967,-26.67
Finland,2021-10,238,0.08,29,9316293.258,14504.75,2.80,0.0414,116.50,7.500,27.190,74.000,-3.905,62511,0.3523,-27.23
Finland,2021-11,431,0.00,31,9360258.436,10641.45,3.50,0.1227,118.10,7.200,17.220,74.000,-3.905,62511,0.3123,-31.23
Finland,2021-12,554,-0.06,32,9351683.702,10726.45,3.20,0.1397,119.90,7.000,24.830,74.000,-3.905,62511,0.2791,-33.91
Finland,2022-01,859,0.18,30,9420261.647,10679.4,4.10,0.1654,118.00,6.600,30.150,72.600,-2.247,67651,0.534,-35.40
Finland,2022-02,393,0.51,36,9515169.254,6639.4,4.40,0.2815,120.30,6.600,20.560,72.600,-2.247,67651,0.9442,-43.42
Finland,2022-03,609,0.72,44,9588760.442,8081.7,5.80,0.5161,115.70,6.600,33.400,72.600,-2.247,67651,1.0542,-33.42
Finland,2022-04,-529,1.18,43,9559977.291,10980.7,5.80,0.6051,120.40,6.500,26.190,72.500,-1.364,62522,1.5682,-38.82
Finland,2022-05,668,1.43,48,9630330.893,8908.7,7.10,0.5580,119.80,6.100,28.710,72.500,-1.364,62522,1.8742,-44.42
Finland,2022-06,448,2.06,61,9714344.946,8925,8.10,0.6973,121.10,6.000,21.330,72.500,-1.364,62522,2.4373,-37.73
Finland,2022-07,501,1.72,64,9732812.417,8980.5,8.00,0.6721,117.60,5.900,25.870,72.800,-0.697,67020,2.0925,-37.25
Finland,2022-08,222,1.63,60,9767738.873,7069.6,7.90,0.7066,118.20,6.300,31.620,72.800,-0.697,67020,2.0582,-42.82
Finland,2022-09,-1061,2.53,73,9759378.411,11500.9,8.40,0.7476,120.20,6.200,25.880,72.800,-0.697,67020,2.8138,-28.38
Finland,2022-10,545,2.90,71,9823839.403,14204.9,8.40,0.7569,117.30,5.100,20.580,72.000,-0.338,66511,3.185,-28.50
Finland,2022-11,278,2.69,62,9866101.8,13678.2,9.10,0.6277,116.10,4.600,21.670,72.000,-0.338,66511,2.9341,-24.41
Finland,2022-12,265,2.71,62,9865001.208,13689.4,8.80,0.5896,120.00,3.900,19.400,72.000,-0.338,66511,3.0002,-29.02
Finland,2023-01,347,2.77,58,9958650.933,15933.9,7.90,0.5081,120.20,3.000,20.700,73.000,-0.309,70626,3.0442,-27.42
Finland,2023-02,276,2.94,57,10090963.72,12818.9,8.00,0.4719,117.3,2.100,18.700,73.000,-0.309,70626,3.223,-28.30
Finland,2023-03,291,2.98,60,10144893.69,14662.4,6.70,0.5165,120.80,1.500,15.780,73.000,-0.309,70626,3.2328,-25.28
France,2019-11,151,-0.02,33,98309,129606,1.20,0.0364,103.20,6.100,13.780,99.400,-1.716,601002.9,0.3016,-32.16
France,2019-12,5259,0.04,34,98369,122633,1.60,0.0557,101.30,5.700,18.840,99.400,-1.716,601002.9,0.3662,-32.62
France,2020-01,7432,-0.01,30,98269,117835,1.70,0.0344,101.40,5.500,40.110,97.400,-1.617,626977.6,0.3162,-32.62
France,2020-02,1852,-0.18,29,101269,117729,1.60,0.0349,103.50,5.800,53.540,97.400,-1.617,626977.6,0.1333,-31.33
France,2020-03,8873,-0.05,49,103669,131412,0.80,0.1896,85.60,7.300,34.150,97.400,-1.617,626977.6,0.3682,-41.82
France,2020-04,8325,0.06,51,100545,178068,0.40,0.1205,67.80,8.200,27.510,100.600,-2.460,582768.8,0.5538,-49.38
France,2020-05,5459,-0.03,49,103740,218343,0.40,0.0616,81.20,9.300,30.430,100.600,-2.460,582768.8,0.4784,-50.84
France,2020-06,11781,-0.04,39,107940,232295,0.20,0.0420,91.40,9.200,24.460,100.600,-2.460,582768.8,0.3505,-39.05
France,2020-07,4714,-0.15,37,107940,231456,0.90,0.0354,94.90,10.100,26.410,112.900,-5.212,524010.2,0.2207,-37.07
France,2020-08,2984,-0.17,35,107940,229025,0.20,0.0353,95.40,9.400,26.370,112.900,-5.212,524010.2,0.1605,-33.05
France,2020-09,7802,-0.21,31,104969,220211,0.00,0.0196,97.10,10.300,38.020,112.900,-5.212,524010.2,0.123,-33.30
France,2020-10,1095,-0.30,31,105969,210535,0.10,0.0063,99.70,10.600,20.570,115.100,-5.725,586145.1,0.0005,-30.05
France,2020-11,-971,-0.32,29,106920,209179,0.20,0.0092,98.30,10.700,22.750,115.100,-5.725,586145.1,-0.0553,-26.47
France,2020-12,4029,-0.34,28,105920,196321.43,0.00,0.0201,98.00,11.700,33.090,115.100,-5.725,586145.1,-0.0915,-24.85
France,2021-01,4598,-0.31,27,106920,202012.5,0.80,0.0103,100.90,12.300,27.950,115.000,-7.752,617547,-0.0636,-24.64
France,2021-02,-453,-0.15,30,109940,196825,0.80,0.0125,96.40,12.100,19.400,115.000,-7.752,617547,0.0643,-21.43
France,2021-03,2117,-0.07,29,110935,201498,1.40,0.0121,98.20,10.100,18.610,115.000,-7.752,617547,0.1479,-21.79
France,2021-04,-231,-0.01,32,105896,196368.18,1.60,0.0098,98.30,9.200,16.760,117.800,-8.492,604859,0.2051,-21.51
France,2021-05,-2768,0.21,43,108866,198604.08,1.80,0.0192,98.20,8.200,15.830,117.800,-8.492,604859,0.377,-16.70
France,2021-06,5103,0.15,44,110288,200319.68,1.90,0.0270,98.00,8.100,18.240,117.800,-8.492,604859,0.3039,-15.39
France,2021-07,4732,-0.01,44,110288,203670.68,1.50,0.0371,98.50,7.800,16.480,114.200,-7.008,616370.3,0.164,-17.40
France,2021-08,2828,-0.12,42,113268,200309.18,2.40,0.0284,98.50,7.800,23.140,114.200,-7.008,616370.3,0.0598,-17.98
France,2021-09,6203,0.04,40,114204,199621.58,2.70,0.0405,97.30,7.600,16.260,114.200,-7.008,616370.3,0.1967,-15.67
France,2021-10,-2774,0.20,41,115105,195841.5,3.20,0.0666,99.00,7.500,27.190,115.400,-6.646,622860.3,0.3523,-15.23
France,2021-11,4449,0.10,41,116065,193210.9,3.40,0.1096,97.50,7.200,17.220,115.400,-6.646,622860.3,0.3123,-21.23
France,2021-12,3692,0.05,43,115965,173986.9,3.40,0.0961,97.70,7.000,24.830,115.400,-6.646,622860.3,0.2791,-22.91
France,2022-01,6685,0.31,43,116960,172070.9,3.30,0.0858,99.60,6.600,30.150,112.900,-5.095,656774.2,0.534,-22.40
France,2022-02,220,0.68,53,119988,170254.7,4.20,0.1696,97.90,6.600,20.560,112.900,-5.095,656774.2,0.9442,-26.42
France,2022-03,4007,0.78,50,120988,180731.2,5.10,0.2926,97.70,6.600,33.400,112.900,-5.095,656774.2,1.0542,-27.42
France,2022-04,1136,1.28,53,116686,174956.7,5.40,0.3148,97.30,6.500,26.190,114.600,-3.745,643982.1,1.5682,-28.82
France,2022-05,-1412,1.52,57,117682,168851.9,5.80,0.3884,97.60,6.100,28.710,114.600,-3.745,643982.1,1.8742,-35.42
France,2022-06,4641,2.06,61,121303,166568.6,6.50,0.4993,98.80,6.000,21.330,114.600,-3.745,643982.1,2.4373,-37.73
France,2022-07,-1161,1.71,63,121303,164332.6,6.80,0.5574,97.10,5.900,25.870,113.100,-2.511,657352.9,2.0925,-38.25
France,2022-08,1597,1.69,66,124303,165905.6,6.60,0.5711,99.50,6.300,31.620,113.100,-2.511,657352.9,2.0582,-36.82
France,2022-09,5693,2.41,61,120653,160711.8,6.20,0.5347,98.70,6.200,25.880,113.100,-2.511,657352.9,2.8138,-40.38
France,2022-10,-5558,2.77,58,121853,158973.6,7.10,0.5392,96.20,5.100,20.580,113.400,-2.441,651554.8,3.185,-41.50
France,2022-11,363,2.58,51,123258,161004.8,7.10,0.5079,98.00,4.600,21.670,113.400,-2.441,651554.8,2.9341,-35.41
France,2022-12,1731,2.62,53,123258,162576.8,6.70,0.4434,99.40,3.900,19.400,113.400,-2.441,651554.8,3.0002,-38.02
France,2023-01,3049,2.69,50,124642,154488.5,7.00,0.3530,97.40,3.000,20.700,111.600,-2.843,688387.5,3.0442,-35.42
France,2023-02,-1348,2.87,50,127642,155610.25,7.30,0.3002,98.80,2.100,18.700,111.600,-2.843,688387.5,3.223,-35.30
France,2023-03,-4834,2.92,54,130427,156985.8,6.70,0.3945,97.70,1.500,15.780,111.600,-2.843,877650,3.2328,-31.28
Germany,2019-11,5633,-0.35,0,1864518,33660,1.20,0.0237,100.00,6.100,13.780,61.000,2.388,877650,0.3016,-65.16
Germany,2019-12,1429,-0.30,0,1867315,27769,1.50,0.0319,97.80,5.700,18.840,61.000,2.388,891190,0.3662,-66.62
Germany,2020-01,458,-0.31,0,1891747,40863,1.60,0.0199,100.60,5.500,40.110,59.600,2.319,891190,0.3162,-62.62
Germany,2020-02,3001,-0.47,0,1905699,42441,1.70,0.0448,101.80,5.800,53.540,59.600,2.319,891190,0.1333,-60.33
Germany,2020-03,2046,-0.54,0,1926301,54384,1.30,0.2900,91.00,7.300,34.150,59.600,2.319,866910,0.3682,-90.82
Germany,2020-04,628,-0.45,0,1921542,67305,0.80,0.2461,71.40,8.200,27.510,60.600,1.908,866910,0.5538,-100.38
Germany,2020-05,6621,-0.52,0,1935279,92548,0.50,0.1699,79.60,9.300,30.430,60.600,1.908,866910,0.4784,-99.84
Germany,2020-06,338,-0.43,0,1973877,105915,0.80,0.0876,89.00,9.200,24.460,60.600,1.908,787350,0.3505,-78.05
Germany,2020-07,5826,-0.52,0,1981081,119367,0.00,0.0662,90.80,10.100,26.410,66.700,-0.559,787350,0.2207,-74.07
Germany,2020-08,4213,-0.52,0,1996425,134043,-0.10,0.0729,90.40,9.400,26.370,66.700,-0.559,787350,0.1605,-68.05
Germany,2020-09,3937,-0.52,0,2021971,146494,-0.40,0.0533,93.00,10.300,38.020,66.700,-0.559,861590,0.123,-64.30
Germany,2020-10,7209,-0.61,0,2018670,144508,-0.50,0.0395,96.50,10.600,20.570,69.200,-2.157,861590,0.0005,-61.05
Germany,2020-11,13140,-0.61,0,2016880,141286,-0.70,0.0311,97.70,10.700,22.750,69.200,-2.157,861590,-0.0553,-55.47
Germany,2020-12,5066,-0.62,0,2028347.805,133386.455,-0.70,0.0612,97.70,11.700,33.090,69.200,-2.157,889580,-0.0915,-52.85
Germany,2021-01,-254,-0.58,0,2059971.805,143150.455,1.60,0.0330,97.40,12.300,27.950,68.700,-3.701,889580,-0.0636,-51.64
Germany,2021-02,8222,-0.45,0,2071317.805,145682.455,1.60,0.0275,96.00,12.100,19.400,68.700,-3.701,889580,0.0643,-51.43
Germany,2021-03,4803,-0.36,0,2098353.723,151038.455,2.00,0.0235,97.60,10.100,18.610,68.700,-3.701,862030,0.1479,-50.79
Germany,2021-04,6000,-0.33,0,2087708.455,152856.455,2.10,0.0065,97.40,9.200,16.760,69.700,-5.037,862030,0.2051,-53.51
Germany,2021-05,6450,-0.22,0,2094987.145,153475.7,2.40,0.0128,96.30,8.200,15.830,69.700,-5.037,862030,0.377,-59.70
Germany,2021-06,4002,-0.29,0,2125487.345,151827.7,2.10,0.0181,95.50,8.100,18.240,69.700,-5.037,878060,0.3039,-59.39
Germany,2021-07,4609,-0.45,0,2148944.683,153900.2,3.10,0.0266,96.50,7.800,16.480,69.300,-4.398,878060,0.164,-61.40
Germany,2021-08,3943,-0.54,0,2165031.849,157690.7,3.40,0.0205,92.40,7.800,23.140,69.300,-4.398,878060,0.0598,-59.98
Germany,2021-09,1752,-0.36,0,2190747.046,161658,4.10,0.0226,92.40,7.600,16.260,69.300,-4.398,915990,0.1967,-55.67
Germany,2021-10,3627,-0.21,0,2167778.196,163799,4.60,0.0486,95.30,7.500,27.190,69.200,-3.743,915990,0.3523,-56.23
Germany,2021-11,8786,-0.31,0,2189877.983,167105,6.00,0.1566,96.00,7.200,17.220,69.200,-3.743,915990,0.3123,-62.23
Germany,2021-12,2650,-0.38,0,2193533.873,169815,5.70,0.1866,97.10,7.000,24.830,69.200,-3.743,945670,0.2791,-65.91
Germany,2022-01,2006,-0.12,0,2225040.091,166024,5.10,0.1362,97.30,6.600,30.150,69.300,-3.150,945670,0.534,-65.40
Germany,2022-02,3795,0.15,0,2243784.371,153524,5.50,0.2932,97.70,6.600,20.560,69.300,-3.150,945670,0.9442,-79.42
Germany,2022-03,4274,0.28,0,2269179.951,154147,7.60,0.3938,93.00,6.600,33.400,69.300,-3.150,941090,1.0542,-77.42
Germany,2022-04,11067,0.75,0,2252826.403,151002,7.80,0.3828,94.70,6.500,26.190,67.900,-2.224,941090,1.5682,-81.82
Germany,2022-05,10525,0.95,0,2261634.403,147306.025,8.70,0.4095,94.80,6.100,28.710,67.900,-2.224,941090,1.8742,-92.42
Germany,2022-06,159,1.45,0,2287120.824,145021.025,8.20,0.4975,96.00,6.000,21.330,67.900,-2.224,949830,2.4373,-98.73
Germany,2022-07,-3649,1.08,0,2297411.22,143304.025,8.50,0.5675,95.40,5.900,25.870,67.700,-1.104,949830,2.0925,-101.25
Germany,2022-08,1205,1.03,0,2309056.82,143924.025,8.80,0.5519,94.70,6.300,31.620,67.700,-1.104,949830,2.0582,-102.82
Germany,2022-09,-1869,1.80,0,2337766.193,139174.025,10.90,0.6799,95.90,6.200,25.880,67.700,-1.104,972170,2.8138,-101.38
Germany,2022-10,3176,2.19,0,2317724.493,138245.025,11.60,0.6151,95.00,5.100,20.580,67.000,-1.606,972170,3.185,-99.50
Germany,2022-11,2705,2.07,0,2331506.013,151237.525,11.30,0.5301,95.80,4.600,21.670,67.000,-1.606,972170,2.9341,-86.41
Germany,2022-12,-2705,2.09,0,2342169.38,141516.025,9.60,0.5662,94.40,3.900,19.400,67.000,-1.606,1006810,3.0002,-91.02
Germany,2023-01,2718,2.19,0,2375563.38,130579.025,9.20,0.4830,96.20,3.000,20.700,66.300,-1.944,1006810,3.0442,-85.42
Germany,2023-02,-3162,2.37,0,2398021.38,126907.025,9.30,0.3760,98.60,2.100,18.700,66.300,-1.944,688387.5,3.223,-85.30
Germany,2023-03,-3559,2.38,0,2407910.23,134100.025,7.80,0.5573,95.50,1.500,15.780,66.300,-1.944,1006810,3.2328,-85.28
Ireland,2019-11,430,0.07,42,55600,2268.5,0.80,0.0251,101.80,6.100,13.780,61.200,1.869,93209.8,0.3016,-23.16
Ireland,2019-12,502,0.04,34,55602,2343.5,1.10,0.0228,96.60,5.700,18.840,61.200,1.869,93209.8,0.3662,-32.62
Ireland,2020-01,671,0.00,31,55597,3043.5,1.10,0.0270,104.80,5.500,40.110,57.000,1.764,92890.3,0.3162,-31.62
Ireland,2020-02,436,-0.13,34,58101,3250,0.90,0.0257,97.00,5.800,53.540,57.000,1.764,92890.3,0.1333,-26.33
Ireland,2020-03,644,0.07,61,58088,3615,0.50,0.0544,136.30,7.300,34.150,57.000,1.764,92890.3,0.3682,-29.82
Ireland,2020-04,-1149,0.20,65,60090,6265,-0.30,0.0479,108.90,8.200,27.510,58.700,1.225,93032.9,0.5538,-35.38
Ireland,2020-05,458,0.11,63,60097,7235,-0.80,0.0318,104.10,9.300,30.430,58.700,1.225,93032.9,0.4784,-36.84
Ireland,2020-06,463,0.08,51,61733,7845.555,-0.60,0.0324,126.40,9.200,24.460,58.700,1.225,93032.9,0.3505,-27.05
Ireland,2020-07,726,-0.05,47,61732,8595.555,-0.60,0.0315,126.50,10.100,26.410,62.000,-0.856,84665.3,0.2207,-27.07
Ireland,2020-08,332,-0.12,40,61736,7950.555,-1.10,0.0385,110.10,9.400,26.370,62.000,-0.856,84665.3,0.1605,-28.05
Ireland,2020-09,708,-0.13,39,64232,6860.555,-1.20,0.0358,100.20,10.300,38.020,62.000,-0.856,84665.3,0.123,-25.30
Ireland,2020-10,250,-0.22,39,66226,5410.555,-1.50,0.0284,102.90,10.600,20.570,61.100,-2.405,101102.2,0.0005,-22.05
Ireland,2020-11,736,-0.25,36,66227,5610.555,-1.00,0.0415,161.00,10.700,22.750,61.100,-2.405,101102.2,-0.0553,-19.47
Ireland,2020-12,525,-0.29,33,66902.903,4760.555,-1.00,0.0492,165.10,11.700,33.090,61.100,-2.405,101102.2,-0.0915,-19.85
Ireland,2021-01,335,-0.24,34,68302.903,5510.555,-0.10,0.0419,155.80,12.300,27.950,58.400,-3.982,94036,-0.0636,-17.64
Ireland,2021-02,314,-0.06,39,71802.903,6260.555,-0.40,0.0325,158.10,12.100,19.400,58.400,-3.982,94036,0.0643,-12.43
Ireland,2021-03,392,0.03,39,74313.894,7310.555,0.10,0.0328,157.10,10.100,18.610,58.400,-3.982,94036,0.1479,-11.79
Ireland,2021-04,318,0.08,41,74317.011,5860.555,1.10,0.0349,158.10,9.200,16.760,60.500,-4.644,101222.2,0.2051,-12.51
Ireland,2021-05,237,0.24,46,77317.011,6090,1.90,0.0297,146.60,8.200,15.830,60.500,-4.644,101222.2,0.377,-13.70
Ireland,2021-06,308,0.18,47,79816.497,4540,1.60,0.0202,150.00,8.100,18.240,60.500,-4.644,101222.2,0.3039,-12.39
Ireland,2021-07,269,0.03,48,79816.497,5360,2.20,0.0205,160.90,7.800,16.480,59.000,-3.460,101483.3,0.164,-13.40
Ireland,2021-08,230,-0.08,46,79843.511,4610,3.00,0.0253,147.80,7.800,23.140,59.000,-3.460,101483.3,0.0598,-13.98
Ireland,2021-09,330,0.07,43,81879.758,5360,3.80,0.0377,157.60,7.600,16.260,59.000,-3.460,101483.3,0.1967,-12.67
Ireland,2021-10,248,0.22,43,81883.166,4610,5.10,0.0686,121.90,7.500,27.190,57.400,-2.416,114867.9,0.3523,-13.23
Ireland,2021-11,269,0.19,50,81883.166,4100,5.40,0.1344,140.30,7.200,17.220,57.400,-2.416,114867.9,0.3123,-12.23
Ireland,2021-12,258,0.10,48,80816.878,3000,5.70,0.1564,204.60,7.000,24.830,57.400,-2.416,114867.9,0.2791,-17.91
Ireland,2022-01,678,0.38,50,83843.381,3000,5.00,0.1380,162.30,6.600,30.150,55.400,-0.824,108710.1,0.534,-15.40
Ireland,2022-02,256,0.78,63,83844.574,2250,5.70,0.1600,161.00,6.600,20.560,55.400,-0.824,108710.1,0.9442,-16.42
Ireland,2022-03,-1764,0.93,65,83844.574,3000,6.90,0.2394,188.60,6.600,33.400,55.400,-0.824,108710.1,1.0542,-12.42
Ireland,2022-04,1133,1.40,65,83862.109,2250,7.30,0.2586,140.70,6.500,26.190,53.100,0.494,117965.4,1.5682,-16.82
Ireland,2022-05,645,1.63,68,85849.485,2250,8.30,0.2723,182.00,6.100,28.710,53.100,0.494,117965.4,1.8742,-24.42
Ireland,2022-06,440,2.13,68,86250.419,3750,9.60,0.3440,228.50,6.000,21.330,53.100,0.494,117965.4,2.4373,-30.73
Ireland,2022-07,417,1.74,66,87750.419,4750,9.60,0.3369,154.50,5.900,25.870,51.200,1.297,120880.5,2.0925,-35.25
Ireland,2022-08,129,1.71,68,84754.779,3523,9.00,0.2396,198.00,6.300,31.620,51.200,1.297,120880.5,2.0582,-34.82
Ireland,2022-09,618,2.42,62,84754.779,4113.5,8.60,0.2932,205.80,6.200,25.880,51.200,1.297,120880.5,2.8138,-39.38
Ireland,2022-10,-1106,2.71,52,83447.542,1613.5,9.40,0.3702,186.30,5.100,20.580,49.100,2.281,133963.6,3.185,-47.50
Ireland,2022-11,231,2.53,46,84847.542,1500,9.00,0.3485,199.00,4.600,21.670,49.100,2.281,133963.6,2.9341,-40.41
Ireland,2022-12,217,2.59,50,84847.542,0,8.20,0.3515,180.40,3.900,19.400,49.100,2.281,133963.6,3.0002,-41.02
Ireland,2023-01,187,2.65,46,83991.552,170,7.50,0.3103,192.00,3.000,20.700,44.700,2.250,129774.3,3.0442,-39.42
Ireland,2023-02,144,2.86,49,83863.998,191.5,8.10,0.2542,197.80,2.100,18.700,44.700,2.250,129774.3,3.223,-36.30
Ireland,2023-03,-2085,2.86,48,83863.998,456.1,7.00,0.2844,145.70,1.500,15.780,44.700,2.250,129774.3,3.2328,-37.28
Italy,2019-11,992,1.27,162,131078.984,120506.71,0.20,0.3056,104.60,6.100,13.780,136.400,1.595,446648.1,0.3016,96.84
Italy,2019-12,-33,1.37,167,131078.984,113928.9,0.50,0.3091,101.80,5.700,18.840,136.400,1.595,446648.1,0.3662,100.38
Italy,2020-01,4552,1.28,159,134670.983,119728.9,0.40,0.2349,105.70,5.500,40.110,134.100,1.854,476398.1,0.3162,96.38
Italy,2020-02,2266,0.96,143,134205.783,118653.9,0.20,0.1897,103.30,5.800,53.540,134.100,1.854,476398.1,0.1333,82.67
Italy,2020-03,11855,1.55,209,134155.783,118478.9,0.10,0.5262,74.10,7.300,34.150,134.100,1.854,476398.1,0.3682,118.18
Italy,2020-04,10919,1.80,225,129555.619,128577.4,0.10,0.6198,58.20,8.200,27.510,137.200,1.016,405274.9,0.5538,124.62
Italy,2020-05,2853,1.76,228,130375.619,139427.4,-0.30,0.5117,84.50,9.300,30.430,137.200,1.016,405274.9,0.4784,128.16
Italy,2020-06,2327,1.46,189,138337.369,140768.79,-0.40,0.4405,91.60,9.200,24.460,137.200,1.016,405274.9,0.3505,110.95
Italy,2020-07,7876,1.20,172,140680.669,138592.71,0.80,0.3416,97.90,10.100,26.410,148.600,-1.922,375232.5,0.2207,97.93
Italy,2020-08,1727,1.03,155,140164.169,139913.06,-0.50,0.2995,104.30,9.400,26.370,148.600,-1.922,375232.5,0.1605,86.95
Italy,2020-09,3242,0.98,150,141814.633,139635.06,-1.00,0.2243,100.20,10.300,38.020,148.600,-1.922,375232.5,0.123,85.70
Italy,2020-10,2039,0.77,138,137366.786,135495.86,-0.60,0.1668,102.40,10.600,20.570,153.700,-3.940,425413.3,0.0005,76.95
Italy,2020-11,-1473,0.66,127,139003.556,134012.21,-0.30,0.1057,100.30,10.700,22.750,153.700,-3.940,425413.3,-0.0553,71.53
Italy,2020-12,-773,0.58,120,138599.768,125282.872,-0.30,0.0825,100.60,11.700,33.090,153.700,-3.940,425413.3,-0.0915,67.15
Italy,2021-01,3792,0.62,120,144157.02,131082.872,0.70,0.0966,104.20,12.300,27.950,154.900,-6.205,455099.1,-0.0636,68.36
Italy,2021-02,3800,0.59,104,144145.76,127622.523,1.00,0.0860,102.70,12.100,19.400,154.900,-6.205,455099.1,0.0643,52.57
Italy,2021-03,2791,0.70,106,145875.872,124665.243,0.60,0.0697,103.00,10.100,18.610,154.900,-6.205,455099.1,0.1479,55.21
Italy,2021-04,3181,0.80,113,148804.272,123165.243,1.00,0.0463,104.00,9.200,16.760,158.900,-7.185,412451.5,0.2051,59.49
Italy,2021-05,585,0.98,120,150155.272,122965.243,1.20,0.0531,102.80,8.200,15.830,158.900,-7.185,412451.5,0.377,60.30
Italy,2021-06,-3698,0.88,117,152173.563,123035.942,1.30,0.0457,104.90,8.100,18.240,158.900,-7.185,412451.5,0.3039,57.61
Italy,2021-07,5709,0.75,120,153338.372,123583.552,1.00,0.0467,105.70,7.800,16.480,155.600,-6.537,440603.5,0.164,58.60
Italy,2021-08,-609,0.63,117,152916.372,124248.552,2.50,0.0438,104.00,7.800,23.140,155.600,-6.537,440603.5,0.0598,57.02
Italy,2021-09,3767,0.78,114,154369.372,124076.552,2.90,0.0408,105.30,7.600,16.260,155.600,-6.537,440603.5,0.1967,58.33
Italy,2021-10,3061,0.96,117,155810.372,121765.752,3.20,0.0588,105.10,7.500,27.190,154.000,-5.915,450465.4,0.3523,60.77
Italy,2021-11,-3783,1.01,132,155920.372,120391.452,3.90,0.1011,107.10,7.200,17.220,154.000,-5.915,450465.4,0.3123,69.77
Italy,2021-12,-379,1.05,143,156923.122,113491.452,4.20,0.1128,105.40,7.000,24.830,154.000,-5.915,450465.4,0.2791,77.09
Italy,2022-01,6191,1.35,147,159951.894,112954.872,5.10,0.0730,102.00,6.600,30.150,149.900,-5.455,484155.3,0.534,81.60
Italy,2022-02,2048,1.79,164,160139.554,112654.872,6.20,0.1465,106.10,6.600,20.560,149.900,-5.455,484155.3,0.9442,84.58
Italy,2022-03,3373,1.85,157,153751.804,112112.152,6.80,0.1869,106.50,6.600,33.400,149.900,-5.455,484155.3,1.0542,79.58
Italy,2022-04,1363,2.44,169,154075.113,111762.152,6.30,0.2050,107.60,6.500,26.190,151.400,-4.631,445884.4,1.5682,87.18
Italy,2022-05,5488,2.99,204,153770.657,111191.535,7.30,0.2085,106.10,6.100,28.710,151.400,-4.631,445884.4,1.8742,111.58
Italy,2022-06,103,3.64,219,154712.907,110190.035,8.50,0.1904,104.10,6.000,21.330,151.400,-4.631,445884.4,2.4373,120.27
Italy,2022-07,2256,3.36,228,154776.939,109155.083,8.40,0.1869,104.40,5.900,25.870,149.300,-3.564,475071.9,2.0925,126.75
Italy,2022-08,-2744,3.30,227,154776.939,109105.083,9.10,0.1634,106.80,6.300,31.620,149.300,-3.564,475071.9,2.0582,124.18
Italy,2022-09,-4332,4.14,234,155512.139,109605.083,9.40,0.1689,104.60,6.200,25.880,149.300,-3.564,475071.9,2.8138,132.62
Italy,2022-10,5505,4.53,234,150472.139,110143.033,12.60,0.2305,103.40,5.100,20.580,145.900,-3.792,471710.1,3.185,134.50
Italy,2022-11,-2967,4.24,217,149976.139,111357.103,12.60,0.2317,103.30,4.600,21.670,145.900,-3.792,471710.1,2.9341,130.59
Italy,2022-12,-2139,4.26,217,149437.359,111175.953,12.30,0.2822,104.40,3.900,19.400,145.900,-3.792,471710.1,3.0002,125.98
Italy,2023-01,-982,4.24,205,152937.359,110325.953,10.70,0.3092,103.90,3.000,20.700,144.400,-3.598,516487.2,3.0442,119.58
Italy,2023-02,2315,4.27,190,152315.809,109265.953,9.80,0.2691,103.70,2.100,18.700,144.400,-3.598,516487.2,3.223,104.70
Italy,2023-03,-3012,4.24,186,146191.974,111935.453,8.10,0.2518,103.10,1.500,15.780,144.400,-3.598,516487.2,3.2328,100.72
Netherlands,2019-11,526,-0.19,16,4769.412,12580,2.60,0.0358,101.70,6.100,13.780,49.200,2.241,199813,0.3016,-49.16
Netherlands,2019-12,608,-0.14,16,4769.412,16390,2.80,0.0297,100.10,5.700,18.840,49.200,2.241,199813,0.3662,-50.62
Netherlands,2020-01,-3869,-0.17,14,4769.412,15340,1.70,0.0315,102.60,5.500,40.110,48.500,2.566,208479,0.3162,-48.62
Netherlands,2020-02,138,-0.34,13,4869.412,14900,1.30,0.0272,102.60,5.800,53.540,48.500,2.566,208479,0.1333,-47.33
Netherlands,2020-03,727,-0.33,21,4869.412,20654,1.10,0.0965,100.30,7.300,34.150,48.500,2.566,208479,0.3682,-69.82
Netherlands,2020-04,1482,-0.22,23,5011.085,32750,1.00,0.0780,94.00,8.200,27.510,49.400,2.145,201031,0.5538,-77.38
Netherlands,2020-05,1004,-0.31,21,5311.085,43870,1.10,0.0573,93.80,9.300,30.430,49.400,2.145,201031,0.4784,-78.84
Netherlands,2020-06,972,-0.29,14,5258.247,51980,1.70,0.0489,94.90,9.200,24.460,49.400,2.145,201031,0.3505,-64.05
Netherlands,2020-07,-2697,-0.39,13,5444.207,57300,1.60,0.0436,97.50,10.100,26.410,55.100,-0.421,192370,0.2207,-61.07
Netherlands,2020-08,368,-0.41,11,5444.207,60290,0.30,0.0460,97.60,9.400,26.370,55.100,-0.421,192370,0.1605,-57.05
Netherlands,2020-09,1206,-0.44,8,5505.722,60550,1.00,0.0352,98.20,10.300,38.020,55.100,-0.421,192370,0.123,-56.30
Netherlands,2020-10,1808,-0.53,8,5457.872,56140,1.20,0.0310,100.50,10.600,20.570,55.300,-1.420,197080,0.0005,-53.05
Netherlands,2020-11,1506,-0.54,7,5642.872,51960,0.70,0.0333,99.70,10.700,22.750,55.300,-1.420,197080,-0.0553,-48.47
Netherlands,2020-12,1253,-0.55,7,5642.872,53630,0.90,0.0295,99.80,11.700,33.090,55.300,-1.420,197080,-0.0915,-45.85
Netherlands,2021-01,397,-0.53,5,5642.872,45060,1.60,0.0311,102.20,12.300,27.950,54.700,-3.033,206049,-0.0636,-46.64
Netherlands,2021-02,599,-0.39,6,5942.872,41030,1.90,0.0255,99.60,12.100,19.400,54.700,-3.033,206049,0.0643,-45.43
Netherlands,2021-03,1096,-0.33,3,5943.084,39210,1.90,0.0266,103.00,10.100,18.610,54.700,-3.033,206049,0.1479,-47.79
Netherlands,2021-04,1618,-0.30,3,5943.084,35320,1.70,0.0370,101.90,9.200,16.760,55.300,-4.536,200695,0.2051,-50.51
Netherlands,2021-05,1065,-0.19,3,6243.084,32480,2.00,0.0276,102.90,8.200,15.830,55.300,-4.536,200695,0.377,-56.70
Netherlands,2021-06,1347,-0.24,5,6242.618,28950,1.70,0.0217,104.50,8.100,18.240,55.300,-4.536,200695,0.3039,-54.39
Netherlands,2021-07,-3491,-0.38,7,6302.071,27030,1.40,0.0259,105.60,7.800,16.480,54.600,-3.099,216678,0.164,-54.40
Netherlands,2021-08,677,-0.48,6,6142.826,24770,2.70,0.0258,102.70,7.800,23.140,54.600,-3.099,216678,0.0598,-53.98
Netherlands,2021-09,1430,-0.34,2,6362.826,24860,3.00,0.0234,103.50,7.600,16.260,54.600,-3.099,216678,0.1967,-53.67
Netherlands,2021-10,1215,-0.18,3,6362.826,22040,3.70,0.0279,103.00,7.500,27.190,52.900,-2.843,213815,0.3523,-53.23
Netherlands,2021-11,1284,-0.27,4,6637.826,21350,5.90,0.0829,104.00,7.200,17.220,52.900,-2.843,213815,0.3123,-58.23
Netherlands,2021-12,1068,-0.32,6,6637.826,24550,6.40,0.1012,105.90,7.000,24.830,52.900,-2.843,213815,0.2791,-59.91
Netherlands,2022-01,-3380,-0.10,2,6637.826,20700,7.60,0.1029,105.50,6.600,30.150,52.500,-1.800,224282,0.534,-63.40
Netherlands,2022-02,767,0.24,9,6942.026,19190,7.30,0.2177,103.90,6.600,20.560,52.500,-1.800,224282,0.9442,-70.42
Netherlands,2022-03,1159,0.34,6,6875.226,20210,11.70,0.3229,103.80,6.600,33.400,52.500,-1.800,224282,1.0542,-71.42
Netherlands,2022-04,3608,0.85,10,6875.226,18970,11.20,0.3760,109.20,6.500,26.190,50.900,-0.842,222945,1.5682,-71.82
Netherlands,2022-05,2147,1.05,10,6733.157,19090,10.20,0.4104,107.20,6.100,28.710,50.900,-0.842,222945,1.8742,-82.42
Netherlands,2022-06,1449,1.82,37,6733.834,21030,9.90,0.5120,105.90,6.000,21.330,50.900,-0.842,222945,2.4373,-61.73
Netherlands,2022-07,-3065,1.47,39,6871.052,19170,11.60,0.5638,106.80,5.900,25.870,51.000,0.603,236903,2.0925,-62.25
Netherlands,2022-08,-91,1.41,38,6800.004,18300,13.70,0.5790,104.90,6.300,31.620,51.000,0.603,236903,2.0582,-64.82
Netherlands,2022-09,2037,2.14,34,6798.685,20470,17.10,0.5788,106.70,6.200,25.880,51.000,0.603,236903,2.8138,-67.38
Netherlands,2022-10,1276,2.52,33,7091.827,17811,16.80,0.6172,105.50,5.100,20.580,49.100,0.826,234193,3.185,-66.50
Netherlands,2022-11,875,2.35,28,7307.227,21108,11.30,0.6324,104.10,4.600,21.670,49.100,0.826,234193,2.9341,-58.41
Netherlands,2022-12,826,2.43,34,7307.227,27083,11.00,0.6745,106.10,3.900,19.400,49.100,0.826,234193,3.0002,-57.02
Netherlands,2023-01,-3233,2.50,31,7307.227,30833,8.40,0.6205,101.20,3.000,20.700,51.000,0.558,247145,3.0442,-54.42
Netherlands,2023-02,357,2.68,31,7647.227,24267,8.90,0.6008,101.60,2.100,18.700,51.000,0.558,247145,3.223,-54.30
Netherlands,2023-03,1030,2.76,38,8025.048,27775,4.50,0.6542,99.90,1.500,15.780,51.000,0.558,247145,3.2328,-47.28
Portugal,2019-11,530,0.35,70,293979.136,11938.23,0.20,0.0229,103.20,6.100,13.780,119.000,2.904,54423.3,0.3016,4.84
Portugal,2019-12,516,0.41,71,293994.136,11938.23,0.40,0.0266,106.50,5.700,18.840,119.000,2.904,54423.3,0.3662,4.38
Portugal,2020-01,299,0.37,68,280295.952,10943.63,0.80,0.0259,107.10,5.500,40.110,116.600,3.065,55121.5,0.3162,5.38
Portugal,2020-02,286,0.25,72,281531.452,12193.63,0.50,0.0170,104.60,5.800,53.540,116.600,3.065,55121.5,0.1333,11.67
Portugal,2020-03,416,0.71,125,287443.83,10698.09,0.10,0.1041,96.00,7.300,34.150,116.600,3.065,55121.5,0.3682,34.18
Portugal,2020-04,462,0.97,142,291070.83,12048.59,-0.10,0.0852,74.40,8.200,27.510,119.100,2.755,50648.8,0.5538,41.62
Portugal,2020-05,396,0.81,133,298637.83,11840.84,-0.60,0.0781,76.80,9.300,30.430,119.100,2.755,50648.8,0.4784,33.16
Portugal,2020-06,412,0.53,96,303819.825,13149.14,0.20,0.0555,85.80,9.200,24.460,119.100,2.755,50648.8,0.3505,17.95
Portugal,2020-07,390,0.40,92,293255.21,12324.72,-0.10,0.0550,97.90,10.100,26.410,126.300,1.057,45634.6,0.2207,17.93
Portugal,2020-08,330,0.36,88,293385.21,13574.72,-0.20,0.0575,107.00,9.400,26.370,126.300,1.057,45634.6,0.1605,19.95
Portugal,2020-09,320,0.32,84,301595.934,12663.29,-0.80,0.0397,103.90,10.300,38.020,126.300,1.057,45634.6,0.123,19.70
Portugal,2020-10,449,0.18,79,303792.934,12638.29,-0.60,0.0368,105.70,10.600,20.570,131.500,-1.220,51666.2,0.0005,17.95
Portugal,2020-11,439,0.07,68,305172.252,11435.12,-0.40,0.0318,100.00,10.700,22.750,131.500,-1.220,51666.2,-0.0553,12.53
Portugal,2020-12,502,0.03,65,305142.252,11410.12,-0.30,0.0350,101.70,11.700,33.090,131.500,-1.220,51666.2,-0.0915,12.15
Portugal,2021-01,524,0.03,61,309925.242,10002.897,0.20,0.0297,100.90,12.300,27.950,134.900,-2.933,52569.3,-0.0636,9.36
Portugal,2021-02,469,0.16,61,317480.024,11327.897,0.30,0.0479,102.10,12.100,19.400,134.900,-2.933,52569.3,0.0643,9.57
Portugal,2021-03,494,0.23,59,322104.877,10993.397,0.10,0.0450,101.70,10.100,18.610,134.900,-2.933,52569.3,0.1479,8.21
Portugal,2021-04,-1374,0.35,68,330304.929,12243.397,-0.10,0.0416,102.20,9.200,16.760,138.200,-4.166,49317.6,0.2051,14.49
Portugal,2021-05,493,0.53,75,334094.928,11069.2,0.50,0.0409,97.30,8.200,15.830,138.200,-4.166,49317.6,0.377,15.30
Portugal,2021-06,628,0.43,72,339135.928,12399.2,-0.60,0.0348,95.20,8.100,18.240,138.200,-4.166,49317.6,0.3039,12.61
Portugal,2021-07,621,0.27,72,325667.687,9921.08,1.10,0.0271,98.60,7.800,16.480,134.100,-3.206,53349.7,0.164,10.60
Portugal,2021-08,476,0.14,68,325667.687,9921.08,1.30,0.0259,96.70,7.800,23.140,134.100,-3.206,53349.7,0.0598,8.02
Portugal,2021-09,850,0.26,62,334562.676,7337.321,1.30,0.0437,98.60,7.600,16.260,134.100,-3.206,53349.7,0.1967,6.33
Portugal,2021-10,718,0.39,60,339801.476,7257.321,1.80,0.0520,99.00,7.500,27.190,129.000,-1.304,55307.4,0.3523,3.77
Portugal,2021-11,667,0.39,70,344229.115,6432.321,2.60,0.0697,101.00,7.200,17.220,129.000,-1.304,55307.4,0.3123,7.77
Portugal,2021-12,578,0.36,74,346344.101,6432.321,2.80,0.0484,102.40,7.000,24.830,129.000,-1.304,55307.4,0.2791,8.09
Portugal,2022-01,722,0.58,70,338389.989,6820.183,3.40,0.0427,97.20,6.600,30.150,125.400,-0.487,56766.3,0.534,4.60
Portugal,2022-02,329,1.06,91,344326.519,8070.183,4.40,0.0867,98.00,6.600,20.560,125.400,-0.487,56766.3,0.9442,11.58
Portugal,2022-03,507,1.16,88,348941.519,8208.313,5.50,0.1140,103.00,6.600,33.400,125.400,-0.487,56766.3,1.0542,10.58
Portugal,2022-04,1207,1.76,101,351418.519,9409.313,7.40,0.1255,100.80,6.500,26.190,124.600,0.581,56005.7,1.5682,19.18
Portugal,2022-05,708,2.14,119,355730.5,9083.687,8.10,0.1552,100.30,6.100,28.710,124.600,0.581,56005.7,1.8742,26.58
Portugal,2022-06,474,2.65,120,360672.866,9594.213,9.00,0.2364,99.20,6.000,21.330,124.600,0.581,56005.7,2.4373,21.27
Portugal,2022-07,382,2.26,118,347764.531,7330.191,9.40,0.2540,99.10,5.900,25.870,123.100,2.212,59865.9,2.0925,16.75
Portugal,2022-08,104,2.16,113,347714.501,7330.191,9.30,0.2548,101.00,6.300,31.620,123.100,2.212,59865.9,2.0582,10.18
Portugal,2022-09,456,2.89,109,352668.223,7706.513,9.80,0.3126,98.90,6.200,25.880,123.100,2.212,59865.9,2.8138,7.62
Portugal,2022-10,-2314,3.26,107,355065.915,8456.513,10.60,0.3088,97.10,5.100,20.580,119.900,3.070,60898.5,3.185,7.50
Portugal,2022-11,244,3.02,95,357889.603,7746.469,10.20,0.2961,100.60,4.600,21.670,119.900,3.070,60898.5,2.9341,8.59
Portugal,2022-12,-159,3.10,101,359594.603,7746.469,9.80,0.2476,103.90,3.900,19.400,119.900,3.070,60898.5,3.0002,9.98
Portugal,2023-01,541,3.13,94,351491.475,7091.663,8.60,0.1868,101.50,3.000,20.700,113.900,1.564,62483.3,3.0442,8.58
Portugal,2023-02,492,3.27,90,357431.468,7993.839,8.60,0.1679,99.50,2.100,18.700,113.900,1.564,62483.3,3.223,4.70
Portugal,2023-03,90,3.27,89,362216.468,5817.454,8.00,0.2346,98.40,1.500,15.780,113.900,1.564,62483.3,3.2328,3.72
Slovakia,2019-11,97,0.09,44,150068.11,0,3.20,,109.80,6.100,13.780,48.400,0.199,24659.3,0.3016,-21.16
Slovakia,2019-12,95,0.13,43,149088.86,0,3.20,,109.50,5.700,18.840,48.400,0.199,24659.3,0.3662,-23.62
Slovakia,2020-01,140,0.13,44,153088.86,200,3.20,,115.60,5.500,40.110,48.000,0.027,24304.8,0.3162,-18.62
Slovakia,2020-02,71,0.00,47,154546.4,400,3.10,,114.80,5.800,53.540,48.000,0.027,24304.8,0.1333,-13.33
Slovakia,2020-03,122,0.04,58,155688.37,444,2.40,,93.40,7.300,34.150,48.000,0.027,24304.8,0.3682,-32.82
Slovakia,2020-04,-568,0.69,114,161895.35,2535,2.10,,67.90,8.200,27.510,49.000,-0.421,21963.9,0.5538,13.62
Slovakia,2020-05,132,0.56,108,164329.46,2980,2.10,,81.90,9.300,30.430,49.000,-0.421,21963.9,0.4784,8.16
Slovakia,2020-06,139,0.04,47,157935.18,2950,1.80,,99.90,9.200,24.460,49.000,-0.421,21963.9,0.3505,-31.05
Slovakia,2020-07,374,-0.16,36,163360.2,2500,1.80,,104.10,10.100,26.410,59.100,-1.838,21852.4,0.2207,-38.07
Slovakia,2020-08,251,-0.22,30,164822.86,2500,1.40,,110.00,9.400,26.370,59.100,-1.838,21852.4,0.1605,-38.05
Slovakia,2020-09,344,-0.27,25,165533.86,2500,1.40,,113.70,10.300,38.020,59.100,-1.838,21852.4,0.123,-39.30
Slovakia,2020-10,358,-0.35,26,166818.86,1500,1.60,,110.90,10.600,20.570,59.200,-2.624,24942.3,0.0005,-35.05
Slovakia,2020-11,374,-0.39,22,166815.73,1500,1.60,,114.00,10.700,22.750,59.200,-2.624,24942.3,-0.0553,-33.47
Slovakia,2020-12,355,-0.52,10,167246.458,1380,1.60,,112.30,11.700,33.090,59.200,-2.624,24942.3,-0.0915,-42.85
Slovakia,2021-01,270,-0.43,15,168374.481,615,0.70,,114.60,12.300,27.950,58.900,-4.169,24683.3,-0.0636,-36.64
Slovakia,2021-02,246,-0.18,27,171360.611,615,0.90,,114.90,12.100,19.400,58.900,-4.169,24683.3,0.0643,-24.43
Slovakia,2021-03,60,-0.05,31,172856.667,615,1.50,,117.90,10.100,18.610,58.900,-4.169,24683.3,0.1479,-19.79
Slovakia,2021-04,304,-0.06,27,168803.71,615,1.70,,115.60,9.200,16.760,59.000,-4.980,22495.4,0.2051,-26.51
Slovakia,2021-05,221,0.07,29,169300.585,0,2.00,,110.80,8.200,15.830,59.000,-4.980,22495.4,0.377,-30.70
Slovakia,2021-06,288,0.03,32,170195.389,0,2.50,,112.60,8.100,18.240,59.000,-4.980,22495.4,0.3039,-27.39
Slovakia,2021-07,223,-0.14,31,170926.483,0,2.90,,114.20,7.800,16.480,60.200,-4.904,24922.8,0.164,-30.40
Slovakia,2021-08,166,-0.25,29,169696.613,0,3.30,,109.60,7.800,23.140,60.200,-4.904,24922.8,0.0598,-30.98
Slovakia,2021-09,255,-0.08,28,170086.6,0,4.00,,108.40,7.600,16.260,60.200,-4.904,24922.8,0.1967,-27.67
Slovakia,2021-10,134,0.13,34,170086.6,0,4.40,,111.80,7.500,27.190,60.300,-4.430,26493.6,0.3523,-22.23
Slovakia,2021-11,130,0.02,33,169688.475,0,4.80,,117.10,7.200,17.220,60.300,-4.430,26493.6,0.3123,-29.23
Slovakia,2021-12,122,-0.02,36,169133.279,0,5.10,,117.30,7.000,24.830,60.300,-4.430,26493.6,0.2791,-29.91
Slovakia,2022-01,174,0.25,37,172040.029,0,7.70,,115.40,6.600,30.150,62.200,-4.414,26411.7,0.534,-28.40
Slovakia,2022-02,114,0.71,56,173276.16,0,8.30,,113.40,6.600,20.560,62.200,-4.414,26411.7,0.9442,-23.42
Slovakia,2022-03,143,0.99,71,174127.443,0,9.60,,108.20,6.600,33.400,62.200,-4.414,26411.7,1.0542,-6.42
Slovakia,2022-04,335,1.53,78,176582.443,0,10.90,,108.40,6.500,26.190,61.600,-3.465,24543.7,1.5682,-3.82
Slovakia,2022-05,222,1.87,92,177470.255,0,11.80,,111.60,6.100,28.710,61.600,-3.465,24543.7,1.8742,-0.42
Slovakia,2022-06,149,2.38,93,177750.751,0,12.60,,109.10,6.000,21.330,61.600,-3.465,24543.7,2.4373,-5.73
Slovakia,2022-07,71,2.14,106,177962.001,0,12.80,,110.20,5.900,25.870,60.300,-2.232,27258.6,2.0925,4.75
Slovakia,2022-08,89,2.03,100,176732.131,0,13.40,,109.80,6.300,31.620,60.300,-2.232,27258.6,2.0582,-2.82
Slovakia,2022-09,86,2.87,107,177982.131,0,13.60,,109.00,6.200,25.880,60.300,-2.232,27258.6,2.8138,5.62
Slovakia,2022-10,76,3.55,136,170385.093,0,14.50,,109.80,5.100,20.580,58.600,-1.706,28975.6,3.185,36.50
Slovakia,2022-11,76,3.37,130,170381.968,0,15.10,,106.50,4.600,21.670,58.600,-1.706,28975.6,2.9341,43.59
Slovakia,2022-12,76,3.20,111,167626.772,0,15.00,,105.90,3.900,19.400,58.600,-1.706,28975.6,3.0002,19.98
Slovakia,2023-01,180,3.25,106,170613.022,0,15.10,,104.40,3.000,20.700,58.800,-1.023,28874,3.0442,20.58
Slovakia,2023-02,-816,3.40,103,175447.682,0,15.40,,107.90,2.100,18.700,58.800,-1.023,28874,3.223,17.70
Slovakia,2023-03,124,3.58,120,175831.586,0,14.80,,109.70,1.500,15.780,58.800,-1.023,28874,3.2328,34.72
Slovenia,2019-11,45,-0.01,34,36424.901,478.5,1.40,,121.60,6.100,13.780,67.700,2.605,12541.6,0.3016,-31.16
Slovenia,2019-12,42,0.02,32,36288.952,245.5,2.00,,119.30,5.700,18.840,67.700,2.605,12541.6,0.3662,-34.62
Slovenia,2020-01,-294,0.09,40,36627.593,397.5,2.30,,125.10,5.500,40.110,65.400,2.416,12580.9,0.3162,-22.62
Slovenia,2020-02,31,0.04,51,36905.205,466.5,2.00,,130.10,5.800,53.540,65.400,2.416,12580.9,0.1333,-9.33
Slovenia,2020-03,62,0.02,56,36954.006,668,0.70,,114.40,7.300,34.150,65.400,2.416,12580.9,0.3682,-34.82
Slovenia,2020-04,93,0.27,72,36276.562,661,-1.30,,95.80,8.200,27.510,68.600,1.158,11380.3,0.5538,-28.38
Slovenia,2020-05,58,0.74,126,41004.803,616.3,-1.40,,102.50,9.300,30.430,68.600,1.158,11380.3,0.4784,26.16
Slovenia,2020-06,59,0.42,85,41964.23,516.3,-0.80,,110.40,9.200,24.460,68.600,1.158,11380.3,0.3505,6.95
Slovenia,2020-07,162,0.09,61,41964.672,521.3,-0.30,,122.70,10.100,26.410,77.600,-2.295,11033.9,0.2207,-13.07
Slovenia,2020-08,103,-0.10,42,41965.113,434.3,-0.70,,117.60,9.400,26.370,77.600,-2.295,11033.9,0.1605,-26.05
Slovenia,2020-09,146,-0.08,44,42577.941,277.3,-0.70,,122.20,10.300,38.020,77.600,-2.295,11033.9,0.123,-20.30
Slovenia,2020-10,155,-0.13,48,43056.382,284.3,-0.50,,127.30,10.600,20.570,77.600,-3.211,12308.4,0.0005,-13.05
Slovenia,2020-11,151,-0.18,43,43425.81,256,-1.10,,124.20,10.700,22.750,77.600,-3.211,12308.4,-0.0553,-12.47
Slovenia,2020-12,148,-0.23,39,43441.26,120,-1.20,,124.00,11.700,33.090,77.600,-3.211,12308.4,-0.0915,-13.85
Slovenia,2021-01,-188,-0.17,41,43993.46,317.5,-0.90,,122.00,12.300,27.950,79.600,-6.059,12298.1,-0.0636,-10.64
Slovenia,2021-02,145,0.02,47,44525.86,552.5,-1.10,,127.00,12.100,19.400,79.600,-6.059,12298.1,0.0643,-4.43
Slovenia,2021-03,163,0.03,39,44030.96,673,0.10,,130.90,10.100,18.610,79.600,-6.059,12298.1,0.1479,-11.79
Slovenia,2021-04,-92,0.02,35,45993.16,765,2.20,,129.30,9.200,16.760,85.000,-6.460,11605.6,0.2051,-18.51
Slovenia,2021-05,143,0.21,43,46523.86,894,2.20,,129.10,8.200,15.830,85.000,-6.460,11605.6,0.377,-16.70
Slovenia,2021-06,183,0.15,44,47084.36,1041.5,1.70,,129.70,8.100,18.240,85.000,-6.460,11605.6,0.3039,-15.39
Slovenia,2021-07,194,0.14,59,47084.36,1048.5,2.00,,127.40,7.800,16.480,80.000,-4.720,13110.3,0.164,-2.40
Slovenia,2021-08,105,-0.09,45,47084.36,838.5,2.10,,129.10,7.800,23.140,80.000,-4.720,13110.3,0.0598,-14.98
Slovenia,2021-09,196,0.05,41,47411.16,757.5,2.70,,129.00,7.600,16.260,80.000,-4.720,13110.3,0.1967,-14.67
Slovenia,2021-10,158,0.17,38,48794.76,703.5,3.50,,128.20,7.500,27.190,79.500,-4.613,13483,0.3523,-18.23
Slovenia,2021-11,142,0.15,46,49143.26,609.5,4.90,,134.60,7.200,17.220,79.500,-4.613,13483,0.3123,-16.23
Slovenia,2021-12,116,0.17,55,49143.26,144.5,5.10,,143.60,7.000,24.830,79.500,-4.613,13483,0.2791,-10.91
Slovenia,2022-01,125,0.40,52,49571.76,272,6.00,,140.90,6.600,30.150,74.500,-3.370,14009.2,0.534,-13.40
Slovenia,2022-02,70,0.70,55,49852.86,362,7.00,,127.40,6.600,20.560,74.500,-3.370,14009.2,0.9442,-24.42
Slovenia,2022-03,-177,1.04,76,50221.06,520,6.00,,136.30,6.600,33.400,74.500,-3.370,14009.2,1.0542,-1.42
Slovenia,2022-04,204,1.55,80,50998.76,513.5,7.40,,129.40,6.500,26.190,74.600,-2.538,13313.3,1.5682,-1.82
Slovenia,2022-05,123,1.82,87,51501.46,530.3,8.70,,133.90,6.100,28.710,74.600,-2.538,13313.3,1.8742,-5.42
Slovenia,2022-06,81,2.09,64,51994.46,554.1,10.80,,135.40,6.000,21.330,74.600,-2.538,13313.3,2.4373,-34.73
Slovenia,2022-07,97,2.10,102,51994.46,496.5,11.70,,128.80,5.900,25.870,73.500,-2.100,15017,2.0925,0.75
Slovenia,2022-08,72,1.71,68,51994.46,391.5,11.50,,134.50,6.300,31.620,73.500,-2.100,15017,2.0582,-34.82
Slovenia,2022-09,107,1.70,-10,52419.06,352,10.60,,130.40,6.200,25.880,73.500,-2.100,15017,2.8138,-111.38
Slovenia,2022-10,73,2.51,32,53834.56,288.5,10.30,,122.90,5.100,20.580,72.400,-1.887,15309.4,3.185,-67.50
Slovenia,2022-11,52,3.56,149,54358.46,293.7,10.80,,130.60,4.600,21.670,72.400,-1.887,15309.4,2.9341,62.59
Slovenia,2022-12,49,3.52,143,54259.429,194.5,10.80,,128.60,3.900,19.400,72.400,-1.887,15309.4,3.0002,51.98
Slovenia,2023-01,61,3.25,106,54819.279,278.25,9.90,,131.60,3.000,20.700,69.900,-1.937,15348.9,3.0442,20.58
Slovenia,2023-02,54,3.38,101,55888.329,324.61,9.40,,125.90,2.100,18.700,69.900,-1.937,15348.9,3.223,15.70
Slovenia,2023-03,-320,3.54,116,56331.129,436.607,10.40,,128.80,1.500,15.780,69.900,-1.937,15348.9,3.2328,30.72
Spain,2019-11,2958,0.39,74,26228.039,75860,0.50,0.021,106.10,6.100,13.780,100.200,-0.533,306040,0.3016,8.84
Spain,2019-12,579,0.44,74,26228.039,76198,0.80,0.021,104.90,5.700,18.840,100.200,-0.533,306040,0.3662,7.38
Spain,2020-01,201,0.42,73,26082.324,76430,1.10,0.017,105.70,5.500,40.110,98.200,-0.783,324405,0.3162,10.38
Spain,2020-02,2006,0.27,74,26082.324,75983,0.90,0.020,105.40,5.800,53.540,98.200,-0.783,324405,0.1333,13.67
Spain,2020-03,5407,0.52,106,27282.324,76286,0.10,0.198,90.90,7.300,34.150,98.200,-0.783,324405,0.3682,15.18
Spain,2020-04,4276,0.82,127,30123.824,87401,-0.70,0.220,69.30,8.200,27.510,101.900,-1.308,289070,0.5538,26.62
Spain,2020-05,5078,0.74,126,30863.824,92782,-0.90,0.118,80.50,9.300,30.430,101.900,-1.308,289070,0.4784,26.16
Spain,2020-06,5426,0.51,94,31390.824,96152,-0.30,0.085,89.80,9.200,24.460,101.900,-1.308,289070,0.3505,15.95
Spain,2020-07,-1881,0.37,89,31484.384,99584,-0.70,0.066,97.00,10.100,26.410,113.300,-4.833,250201,0.2207,14.93
Spain,2020-08,1187,0.29,81,31534.384,101815,-0.60,0.062,99.90,9.400,26.370,113.300,-4.833,250201,0.1605,12.95
Spain,2020-09,3813,0.27,79,31754.384,103081,-0.60,0.036,101.80,10.300,38.020,113.300,-4.833,250201,0.123,14.70
Spain,2020-10,3756,0.17,78,32553.404,100884,-0.90,0.038,103.20,10.600,20.570,117.300,-6.156,280966,0.0005,16.95
Spain,2020-11,2487,0.09,70,32553.404,97595,-0.80,0.043,102.50,10.700,22.750,117.300,-6.156,280966,-0.0553,14.53
Spain,2020-12,2122,0.04,66,32553.404,92039.043,-0.60,0.043,103.40,11.700,33.090,117.300,-6.156,280966,-0.0915,13.15
Spain,2021-01,2119,0.08,66,33445.668,91680.943,0.40,0.036,103.30,12.300,27.950,120.400,-7.878,297752,-0.0636,14.36
Spain,2021-02,-2630,0.23,68,33945.668,89310.694,-0.10,0.058,103.10,12.100,19.400,120.400,-7.878,297752,0.0643,16.57
Spain,2021-03,1481,0.31,67,33945.668,88900.444,1.20,0.070,103.70,10.100,18.610,120.400,-7.878,297752,0.1479,16.21
Spain,2021-04,3141,0.37,70,32960.518,88061.772,2.00,0.046,103.80,9.200,16.760,125.700,-8.879,279044,0.2051,16.49
Spain,2021-05,2028,0.52,74,32960.518,85033.087,2.40,0.054,101.70,8.200,15.830,125.700,-8.879,279044,0.377,14.30
Spain,2021-06,2747,0.45,74,32960.518,83313.933,2.50,0.049,100.50,8.100,18.240,125.700,-8.879,279044,0.3039,14.61
Spain,2021-07,-3510,0.33,78,33960.518,82489.328,2.90,0.057,100.80,7.800,16.480,123.100,-6.121,299630,0.164,16.60
Spain,2021-08,1201,0.21,75,33960.518,81734.252,3.30,0.047,101.20,7.800,23.140,123.100,-6.121,299630,0.0598,15.02
Spain,2021-09,2761,0.33,69,33976.15,81316.399,4.00,0.039,102.70,7.600,16.260,123.100,-6.121,299630,0.1967,13.33
Spain,2021-10,3029,0.47,68,33273.09,82269.292,5.40,0.063,103.30,7.500,27.190,121.900,-5.570,298851,0.3523,11.77
Spain,2021-11,-1731,0.47,78,33273.09,83685.224,5.50,0.080,105.90,7.200,17.220,121.900,-5.570,298851,0.3123,15.77
Spain,2021-12,1816,0.41,79,33423.212,89931.57,6.60,0.077,105.70,7.000,24.830,121.900,-5.570,298851,0.2791,13.09
Spain,2022-01,-1044,0.66,78,35143.58,89860.446,6.20,0.054,105.60,6.600,30.150,118.300,-4.715,329317,0.534,12.60
Spain,2022-02,1297,1.11,96,36193.58,94728.686,7.60,0.108,106.30,6.600,20.560,118.300,-4.715,329317,0.9442,16.58
Spain,2022-03,2079,1.22,94,34791.256,88670.797,9.80,0.121,103.50,6.600,33.400,118.300,-4.715,329317,1.0542,16.58
Spain,2022-04,7012,1.69,94,34811.256,82891.084,8.30,0.152,106.20,6.500,26.190,117.400,-3.367,310639,1.5682,12.18
Spain,2022-05,-2407,2.04,109,35101.256,77369.449,8.50,0.147,106.10,6.100,28.710,117.400,-3.367,310639,1.8742,16.58
Spain,2022-06,2797,2.63,118,35022.31,75229.827,10.00,0.203,107.30,6.000,21.330,117.400,-3.367,310639,2.4373,19.27
Spain,2022-07,1727,2.31,123,35062.78,74204.576,10.70,0.241,106.30,5.900,25.870,116.100,-2.663,332194,2.0925,21.75
Spain,2022-08,33,2.15,112,35124.78,72682.746,10.50,0.237,106.60,6.300,31.620,116.100,-2.663,332194,2.0582,9.18
Spain,2022-09,1846,2.92,112,35589.467,71667.93,9.00,0.242,106.20,6.200,25.880,116.100,-2.663,332194,2.8138,10.62
Spain,2022-10,-3634,3.29,110,35898.153,69876.88,7.30,0.253,106.00,5.100,20.580,115.600,-1.885,328980,3.185,10.50
Spain,2022-11,665,3.07,100,36210.153,68917.021,6.70,0.245,105.40,4.600,21.670,115.600,-1.885,328980,2.9341,13.59
Spain,2022-12,619,3.09,100,36155.927,67959.702,5.50,0.251,106.10,3.900,19.400,115.600,-1.885,328980,3.0002,8.98
Spain,2023-01,-3925,3.20,101,37661.927,67381.389,5.90,0.272,105.60,3.000,20.700,113.200,-2.425,355295,3.0442,15.58
Spain,2023-02,955,3.39,102,37794.097,65158.311,6.00,0.222,106.40,2.100,18.700,113.200,-2.425,355295,3.223,16.70
Spain,2023-03,1463,3.43,105,36793.159,72322.706,3.10,0.241,107.90,1.500,15.780,113.200,-2.425,355295,3.2328,19.72